{
  "duration_sec": 104.95419501133787,
  "start_at": 0.0,
  "onsets": [
    0.16253968253968254,
    0.3250793650793651,
    0.44117913832199546,
    0.5340589569160997,
    0.8823582766439909,
    1.0216780045351475,
    1.1609977324263039,
    1.8343764172335602,
    2.089795918367347,
    2.5309750566893423,
    2.786394557823129,
    2.972154195011338,
    3.111473922902494,
    3.599092970521542,
    3.924172335600907,
    4.017052154195011,
    4.133151927437642,
    4.481451247165533,
    5.015510204081632,
    5.131609977324263,
    5.9675283446712015,
    6.408707482993197,
    6.6873469387755105,
    7.151746031746032,
    7.430385487528345,
    7.9412244897959186,
    8.126984126984127,
    8.428843537414966,
    8.916462585034013,
    9.125442176870749,
    9.380861678004536,
    9.891700680272109,
    10.170340136054422,
    10.379319727891156,
    10.611519274376418,
    10.727619047619047,
    10.843718820861678,
    11.354557823129252,
    11.609977324263038,
    11.842176870748299,
    12.353015873015874,
    12.817414965986394,
    13.56045351473923,
    14.02485260770975,
    14.512471655328799,
    15.696689342403628,
    16.068208616780044,
    16.602267573696146,
    17.205986394557822,
    17.623945578231293,
    18.088344671201813,
    18.436643990929706,
    18.52952380952381,
    18.668843537414965,
    19.156462585034014,
    19.52798185941043,
    19.644081632653062,
    19.853061224489796,
    20.154920634920636,
    20.387120181405894,
    20.619319727891156,
    21.106938775510205,
    21.269478458049885,
    21.571337868480725,
    21.89641723356009,
    22.105396825396827,
    22.337596371882086,
    22.54657596371882,
    23.057414965986396,
    23.1502947845805,
    23.54503401360544,
    23.73079365079365,
    24.03265306122449,
    24.241632653061224,
    24.49705215419501,
    25.495510204081633,
    25.959909297052153,
    26.21532879818594,
    26.470748299319727,
    27.190566893424037,
    27.422766439909296,
    27.70140589569161,
    27.93360544217687,
    28.398004535147393,
    28.908843537414967,
    29.164263038548754,
    29.396462585034012,
    29.6518820861678,
    29.88408163265306,
    30.37170068027211,
    30.603900226757368,
    30.72,
    30.859319727891158,
    31.091519274376417,
    31.32371882086168,
    31.509478458049887,
    31.834557823129252,
    32.182857142857145,
    32.3221768707483,
    32.78657596371882,
    33.041995464852604,
    33.22775510204082,
    33.62249433106576,
    33.877913832199546,
    33.99401360544218,
    34.249433106575964,
    34.481632653061226,
    34.78349206349206,
    34.969251700680275,
    35.22467120181406,
    35.75873015873016,
    35.99092970521542,
    36.22312925170068,
    36.710748299319725,
    37.198367346938774,
    37.29124716553288,
    37.593106575963716,
    37.755646258503404,
    37.94140589569161,
    38.17360544217687,
    38.45224489795918,
    38.638004535147395,
    38.89342403628118,
    39.14884353741497,
    39.3578231292517,
    39.59002267573696,
    39.91510204081633,
    40.03120181405896,
    40.12408163265306,
    40.47238095238095,
    40.63492063492063,
    40.820680272108845,
    40.936780045351476,
    41.029659863945575,
    41.35473922902494,
    41.54049886621315,
    41.81913832199547,
    42.05133786848072,
    42.353197278911566,
    42.53895691609977,
    42.79437641723356,
    42.887256235827664,
    43.02657596371882,
    43.165895691609975,
    43.35165532879819,
    43.490975056689344,
    43.885714285714286,
    44.02503401360544,
    44.489433106575966,
    44.76807256235828,
    44.977052154195015,
    45.255691609977326,
    45.48789115646259,
    45.905850340136055,
    45.97551020408163,
    46.16126984126984,
    46.46312925170068,
    46.672108843537416,
    46.9275283446712,
    47.09006802721088,
    47.34548752834467,
    47.438367346938776,
    47.69378684807256,
    47.85632653061224,
    47.94920634920635,
    48.4368253968254,
    48.738684807256234,
    48.87800453514739,
    49.11020408163265,
    49.412063492063496,
    49.87646258503401,
    50.31764172335601,
    50.712380952380954,
    50.85170068027211,
    51.08390022675737,
    51.33931972789116,
    51.594739229024945,
    51.78049886621315,
    52.31455782312925,
    52.82539682539682,
    53.011156462585035,
    53.26657596371882,
    53.47555555555556,
    53.75419501133787,
    53.893514739229026,
    54.19537414965986,
    54.4043537414966,
    54.56689342403628,
    54.91519274376417,
    55.00807256235828,
    55.263492063492066,
    55.40281179138322,
    55.68145124716553,
    55.75111111111111,
    56.006530612244894,
    56.26195011337869,
    56.70312925170068,
    57.167528344671204,
    57.376507936507934,
    57.67836734693878,
    58.00344671201814,
    58.18920634920635,
    58.42140589569161,
    58.6768253968254,
    58.95546485260771,
    59.396643990929704,
    59.60562358276644,
    59.8378231292517,
    60.070022675736965,
    60.41832199546485,
    60.60408163265306,
    61.3471201814059,
    61.57931972789115,
    62.0669387755102,
    62.531337868480726,
    63.018956916099775,
    63.52979591836735,
    64.01741496598639,
    64.15673469387755,
    64.34249433106577,
    64.45859410430839,
    65.24807256235827,
    65.48027210884354,
    65.96789115646258,
    66.22331065759637,
    66.47873015873016,
    66.780589569161,
    66.96634920634921,
    67.38430839002268,
    67.91836734693878,
    68.35954648526076,
    68.80072562358276,
    69.07936507936508,
    69.35800453514739,
    69.65986394557824,
    70.14748299319727,
    70.6118820861678,
    70.72798185941043,
    71.02984126984127,
    71.3317006802721,
    71.44780045351474,
    71.68,
    72.09795918367347,
    73.30539682539683,
    74.00199546485261,
    74.16453514739229,
    74.28063492063492,
    74.72181405895692,
    74.95401360544217,
    75.11655328798186,
    75.2326530612245,
    75.46485260770974,
    75.74349206349207,
    76.20789115646258,
    76.71873015873015,
    77.2063492063492,
    77.67074829931973,
    77.92616780045351,
    78.15836734693877,
    78.66920634920635,
    79.13360544217687,
    79.41224489795918,
    79.62122448979592,
    80.1320634920635,
    81.08408163265307,
    81.33950113378685,
    81.57170068027212,
    81.80390022675736,
    82.29151927437641,
    82.5469387755102,
    82.80235827664399,
    83.03455782312925,
    83.22031746031746,
    84.96181405895692,
    85.24045351473923,
    85.68163265306123,
    86.1924716553288,
    86.47111111111111,
    86.95873015873016,
    87.93396825396826,
    88.6770068027211,
    88.7698866213152,
    89.1414058956916,
    89.39682539682539,
    89.86122448979592,
    90.83646258503401,
    91.06866213151928,
    91.27764172335601,
    91.83492063492064,
    92.81015873015873,
    93.08879818594104,
    93.52997732426304,
    94.24979591836734,
    94.73741496598639,
    95.0160544217687,
    95.61977324263039,
    95.71265306122449,
    96.22349206349206,
    96.68789115646258,
    97.22195011337868,
    97.45414965986394,
    98.17396825396825,
    98.26684807256235,
    98.40616780045352,
    98.52226757369614,
    98.63836734693878,
    99.59038548752835
  ],
  "segments": [
    {
      "start": 0.0,
      "end": 5.9675283446712015,
      "text": "차가운 공길 스치는 소리"
    },
    {
      "start": 5.9675283446712015,
      "end": 11.842176870748299,
      "text": "가로등 불빛은 리듬을 타고"
    },
    {
      "start": 11.842176870748299,
      "end": 17.623945578231293,
      "text": "발걸음은 가볍게 떠올라"
    },
    {
      "start": 17.623945578231293,
      "end": 24.49705215419501,
      "text": "어디로 향하는진 몰라도 좋아"
    },
    {
      "start": 24.49705215419501,
      "end": 30.859319727891158,
      "text": "흐릿한 간판 속 낯선 이름들"
    },
    {
      "start": 30.859319727891158,
      "end": 37.755646258503404,
      "text": "스쳐 가는 표정은 무관심하고"
    },
    {
      "start": 37.755646258503404,
      "end": 44.02503401360544,