{
  "duration_sec": 39.938321995464854,
  "start_at": 0.001859410430839037,
  "onsets": [
    0.301859410430839,
    0.5108390022675737,
    0.7894784580498866,
    1.207437641723356,
    1.509297052154195,
    2.2291156462585033,
    2.2987755102040817,
    2.7631746031746034,
    2.9257142857142857,
    3.4597732426303853,
    3.5526530612244898,
    3.622312925170068,
    4.20281179138322,
    4.899410430839002,
    5.224489795918367,
    5.38702947845805,
    5.5495691609977325,
    5.758548752834467,
    6.130068027210885,
    6.222947845804988,
    6.478367346938776,
    6.849886621315193,
    7.453605442176871,
    8.010884353741497,
    8.150204081632653,
    8.544943310657596,
    8.753922902494331,
    9.427301587301587,
    10.100680272108843,
    10.379319727891156,
    10.750839002267574,
    10.95981859410431,
    11.23845804988662,
    11.377777777777778,
    11.77251700680272,
    12.07437641723356,
    12.654875283446712,
    12.979954648526077,
    13.142494331065759,
    13.351473922902494,
    13.56045351473923,
    13.79265306122449,
    13.978412698412699,
    14.466031746031746,
    15.255510204081633,
    15.603809523809524,
    15.766349206349206,
    15.905668934240364,
    16.27718820861678,
    16.486167800453515,
    16.973786848072564,
    17.252426303854875,
    17.623945578231293,
    17.856145124716555,
    18.204444444444444,
    18.45986394557823,
    18.784943310657596,
    18.92426303854875,
    19.87628117913832,
    20.433560090702947,
    20.78185941043084,
    20.96761904761905,
    21.339138321995463,
    21.849977324263037,
    21.91963718820862,
    22.569795918367348,
    22.871655328798187,
    23.61469387755102,
    24.079092970521543,
    25.007891156462584,
    25.588390022675735,
    25.68126984126984,
    25.93668934240363,
    26.192108843537415,
    26.33142857142857,
    26.679727891156464,
    26.888707482993198,
    27.00480725623583,
    27.260226757369615,
    27.353106575963718,
    27.608526077097505,
    27.980045351473922,
    28.35156462585034,
    28.676643990929705,
    29.628662131519274,
    29.95374149659864,
    30.139501133786847,
    30.232380952380954,
    30.48780045351474,
    30.55746031746032,
    31.045079365079363,
    31.230839002267572,
    31.555918367346937,
    32.229297052154195,
    32.57759637188209,
    32.80979591836735,
    33.877913832199546,
    34.17977324263038,
    35.015691609977324,
    35.43365079365079,
    35.50331065759637,
    35.68907029478458,
    36.014149659863946,
    36.47854875283447,
    36.664308390022676,
    36.75718820861678,
    37.1287074829932,
    37.24480725623583,
    37.40734693877551,
    37.54666666666667,
    37.802086167800454,
    38.05750566893424,
    38.77732426303855,
    39.05596371882086
  ],
  "segments": [
    {
      "start": 0.0,
      "end": 17.16,
      "text": "텅 빈 거리 위, 젖은 아스팔트"
    }
  ],
  "unused_lines": [],
  "debug": {
    "used_audio_path": "C:\\my_games\\shorts_make\\maked_title\\흐릿한 네온\\vocal.wav",
    "lines_count": 4,
    "whisper_used": true,
    "beam_size": 5,
    "vad_filter": false
  }
}