{
  "duration_sec": 59.90748299319728,
  "start_at": 0.048299319727891143,
  "onsets": [
    0.34829931972789113,
    0.8126984126984127,
    1.0448979591836736,
    1.2770975056689342,
    1.6718367346938776,
    2.1130158730158732,
    2.8560544217687074,
    3.5294331065759637,
    3.9706122448979593,
    4.156371882086168,
    5.712108843537415,
    6.292607709750567,
    6.478367346938776,
    6.896326530612245,
    7.198185941043084,
    7.523265306122449,
    7.732244897959184,
    8.777142857142858,
    9.195102040816327,
    9.775600907029478,
    10.147120181405896,
    10.309659863945578,
    11.00625850340136,
    11.563537414965987,
    11.888616780045352,
    12.422675736961452,
    13.444353741496599,
    13.699773242630386,
    13.908752834467121,
    14.140952380952381,
    14.396371882086168,
    14.698231292517006,
    15.603809523809524,
    16.137868480725622,
    16.370068027210884,
    16.46294784580499,
    17.11310657596372,
    17.39174603174603,
    17.716825396825396,
    17.902585034013605,
    18.134784580498867,
    18.436643990929706,
    19.06358276643991,
    19.89950113378685,
    22.0821768707483,
    22.31437641723356,
    22.593015873015872,
    22.801995464852606,
    23.196734693877552,
    23.49859410430839,
    23.684353741496597,
    23.800453514739228,
    24.079092970521543,
    24.19519274376417,
    25.588390022675735,
    26.377868480725624,
    26.63328798185941,
    26.79582766439909,
    27.12090702947846,
    28.189024943310656,
    28.676643990929705,
    29.1178231292517,
    29.76798185941043,
    29.95374149659864,
    30.25560090702948,
    30.53424036281179,
    30.83609977324263,
    31.161179138321994,
    31.857777777777777,
    32.066757369614514,
    32.80979591836735,
    33.34385487528345,
    33.85469387755102,
    34.17977324263038,
    34.43519274376417,
    35.15501133786848,
    35.294331065759636,
    35.59619047619048,
    36.45532879818594,
    37.03582766439909,
    37.430566893424036,
    37.56988662131519,
    38.87020408163265,
    39.07918367346939,
    39.288163265306125,
    41.54049886621315,
    41.81913832199547,
    42.14421768707483,
    42.283537414965984,
    42.63183673469388,
    43.003356009070295,
    43.35165532879819,
    43.53741496598639,
    43.885714285714286,
    44.02503401360544,
    44.28045351473923,
    45.04671201814059,
    45.464671201814056,
    45.53433106575964,
    46.068390022675736,
    46.76498866213152,
    47.438367346938776,
    47.94920634920635,
    48.36716553287982,
    48.83156462585034,
    49.27274376417233,
    49.69070294784581,
    49.946122448979594,
    50.20154195011338,
    50.48018140589569,
    50.758820861678004,
    51.757278911564626,
    52.128798185941044,
    52.407437641723355,
    52.61641723356009,
    52.87183673469388,
    53.19691609977324,
    53.59165532879818,
    54.102494331065756,
    54.265034013605444,
    54.52045351473923,
    55.54213151927438,
    55.65823129251701,
    57.213968253968254,
    58.096326530612245,
    59.25732426303855,
    59.791383219954646
  ],
  "segments": [
    {
      "start": 0.048299319727891143,
      "end": 5.712108843537415,
      "text": "[ko]kkeojyeoganeun galodeung alae"
    },
    {
      "start": 5.712108843537415,
      "end": 11.00625850340136,
      "text": "[ko]huimihaejin neo-ui sillu-es"
    },
    {
      "start": 11.00625850340136,
      "end": 17.11310657596372,
      "text": "[ko]jab-eulyeo haedo dahjileul anh-a"
    },
    {
      "start": 17.11310657596372,
      "end": 22.593015873015872,
      "text": "[ko]salajyeo ganeun ongiman nam-a"
    },
    {
      "start": 22.593015873015872,
      "end": 28.676643990929705,
      "text": "[ko]sigan-eun meomchun deus go-yohago"
    },
    {
      "start": 28.676643990929705,
      "end": 34.43519274376417,
      "text": "[ko]chaga-un gonggiman nal gamssane"
    },
    {
      "start": 34.43519274376417,
      "end": 40.43560090702948,
      "text": "[ko]i bam-ui kkeut-e mwoga iss-eulkka"
    }
  ],
  "unused_lines": [],
  "debug": {
    "used_audio_path": "C:\\my_games\\shorts_make\\maked_title\\잔상\\vocal.wav",
    "lines_count": 7,
    "whisper_used": false,
    "beam_size": 5,
    "vad_filter": false
  }
}